UniprotID	locus tag	gene name	protein	amino acid length	norm_to_max fraction 1	norm_to_max fraction 2	norm_to_max fraction 3	norm_to_max fraction 4	norm_to_max fraction 5	norm_to_max fraction 6	norm_to_max fraction 7	norm_to_max fraction 8	norm_to_max fraction 9	norm_to_max fraction 10	norm_to_max fraction 11	norm_to_max fraction 12	norm_to_max fraction 13	norm_to_max fraction 14	norm_to_max fraction 15	norm_to_max fraction 16	norm_to_max fraction 17	norm_to_max fraction 18	norm_to_max fraction 19	norm_to_max fraction 20	norm_to_max fraction P
A0A0H3NGQ4	SL1344_3386	rpmJb	50S ribosomal protein L36	38	0.00	0.00	0.00	0.00	0.00	0.00	0.00	0.00	0.00	0.00	0.00	0.00	0.00	0.00	0.01	0.01	0.05	0.02	0.15	0.00	1.00
A0A0H3NVS5	SL1344_4273	ecnB	Entericidin B	48	0.00	0.00	0.00	0.00	0.00	0.00	0.00	0.00	0.16	0.11	0.08	0.00	0.00	0.00	0.31	0.67	0.95	0.10	0.00	0.00	1.00
A0A0H3NBF9	SL1344_1495	rpsV	30S ribosomal protein S22	47	0.01	0.01	0.00	0.00	0.00	0.00	0.01	0.01	0.02	0.08	0.06	0.00	0.02	0.00	0.02	0.00	0.04	0.31	0.66	0.01	1.00
A0A0H3NJC8	SL1344_3806	rpmH	50S ribosomal protein L34	46	0.00	0.00	0.00	0.00	0.00	0.00	0.00	0.00	0.00	0.00	0.00	0.00	0.00	0.00	0.02	0.00	0.01	0.18	0.47	0.00	1.00
A0A0H3NC63	SL1344_1659	yciG	Uncharacterized protein	60	1.00	0.00	0.00	0.00	0.00	0.00	0.00	0.00	0.00	0.00	0.00	0.00	0.00	0.00	0.00	0.00	0.00	0.00	0.00	0.00	0.00
A0A0H3N921	SL1344_0473	ybaM	Uncharacterized protein	55	0.00	1.00	0.00	0.00	0.00	0.00	0.00	0.00	0.00	0.00	0.00	0.00	0.00	0.00	0.00	0.00	0.00	0.00	0.00	0.00	0.00
A0A0H3NJ43	SL1344_3693	rpmG	50S ribosomal protein L33	55	0.00	0.00	0.00	0.00	0.00	0.00	0.00	0.00	0.00	0.00	0.00	0.00	0.00	0.00	0.04	0.00	0.03	0.14	0.58	0.01	1.00
A0A0H3NK87	SL1344_1128	rpl32	50S ribosomal protein L32	57	0.00	0.00	0.00	0.00	0.00	0.00	0.00	0.00	0.00	0.00	0.00	0.00	0.00	0.01	0.07	0.08	0.10	0.14	0.39	1.00	0.49
A0A0H3NDN6	SL1344_1737	SL1344_1737	Uncharacterized protein	57	1.00	0.87	0.11	0.01	0.00	0.00	0.00	0.00	0.00	0.00	0.00	0.00	0.00	0.00	0.00	0.00	0.00	0.00	0.00	0.00	0.00
A0A0H3NSS0	SL1344_3389	rpmD	50S ribosomal protein L30	59	0.01	0.01	0.00	0.00	0.00	0.00	0.00	0.00	0.00	0.00	0.00	0.00	0.00	0.00	0.01	0.00	0.01	0.23	0.57	0.14	1.00
A0A0H3NM52	SL1344_1752	yoaH	UPF0181 protein YoaH	59	1.00	0.71	0.05	0.00	0.00	0.00	0.00	0.00	0.00	0.01	0.03	0.05	0.01	0.04	0.03	0.00	0.00	0.00	0.00	0.00	0.00
A0A0H3NFC7	SL1344_1031	orfX	Uncharacterized protein	56	0.00	0.00	0.00	0.25	0.97	0.95	1.00	0.60	0.63	0.50	0.23	0.00	0.09	0.00	0.00	0.00	0.00	0.00	0.00	0.00	0.00
A0A0H3NFA7	SL1344_1006	rmf	Ribosome modulation factor (RMF)	55	0.00	0.00	0.27	0.47	0.67	0.80	1.00	0.98	0.85	0.54	0.16	0.00	0.03	0.00	0.00	0.00	0.00	0.00	0.00	0.00	0.00
A0A0H3NMI6	SL1344_3438	yhfG	Uncharacterized protein	55	0.60	1.00	0.00	0.00	0.00	0.00	0.00	0.00	0.00	0.00	0.00	0.00	0.00	0.00	0.00	0.00	0.00	0.00	0.00	0.00	0.00
A0A0H3NF42	SL1344_2806	csrA	Translational regulator CsrA (Carbon storage regulator)	61	1.00	0.96	0.64	0.93	0.75	0.28	0.29	0.08	0.04	0.02	0.01	0.00	0.01	0.00	0.00	0.00	0.00	0.00	0.00	0.00	0.00
A0A0H3NJQ2	SL1344_0924	ycaR	UPF0434 protein YcaR	60	1.00	0.70	0.40	0.17	0.09	0.02	0.02	0.01	0.00	0.00	0.00	0.00	0.00	0.00	0.00	0.00	0.00	0.00	0.00	0.00	0.01
A0A0H3N834	SL1344_0350	SL1344_0350	Hypothetical metal-binding transport protein	64	1.00	0.72	0.24	0.04	0.00	0.00	0.00	0.00	0.00	0.00	0.00	0.00	0.00	0.00	0.00	0.00	0.00	0.00	0.00	0.00	0.00
A0A0H3NI31	SL1344_1916	SL1344_1916	Uncharacterized protein	61	1.00	0.94	0.12	0.00	0.00	0.00	0.00	0.00	0.00	0.00	0.00	0.00	0.00	0.00	0.00	0.00	0.00	0.00	0.00	0.00	0.00
A0A0H3NMU5	SL1344_3615	cspA	Cold shock protein	66	1.00	0.66	0.24	0.07	0.02	0.01	0.00	0.00	0.00	0.00	0.00	0.00	0.00	0.00	0.00	0.00	0.00	0.00	0.00	0.00	0.00
A0A0H3NHA4	SL1344_0138	yacG	DNA gyrase inhibitor YacG	63	0.89	1.00	0.40	0.11	0.04	0.01	0.01	0.00	0.00	0.00	0.00	0.00	0.00	0.00	0.00	0.00	0.00	0.00	0.00	0.00	0.00
A0A0H3P072	SL1344_P2_0062	traS	Conjugal transfer protein	62	1.00	0.89	0.77	0.19	0.00	0.00	0.00	0.00	0.00	0.00	0.00	0.00	0.00	0.00	0.00	0.00	0.00	0.00	0.00	0.00	0.00
A0A0H3NAL2	SL1344_0624	ybeD	Uncharacterized protein (Fragment)	64	1.00	0.85	0.30	0.09	0.03	0.01	0.00	0.00	0.00	0.00	0.00	0.00	0.00	0.00	0.00	0.00	0.00	0.00	0.00	0.00	0.00
A0A0H3NBB4	SL1344_1439	ydfZ	Uncharacterized protein	67	0.26	0.37	1.00	0.61	0.27	0.06	0.03	0.01	0.01	0.01	0.00	0.00	0.00	0.00	0.00	0.00	0.00	0.00	0.00	0.00	0.00
A0A0H3NI25	SL1344_0384	yaiA	Uncharacterized protein	63	1.00	0.61	0.10	0.02	0.00	0.00	0.00	0.00	0.00	0.00	0.00	0.00	0.00	0.00	0.00	0.00	0.00	0.00	0.00	0.00	0.00
A0A0H3NST4	SL1344_3399	rpmC	50S ribosomal protein L29	63	0.03	0.03	0.01	0.01	0.00	0.00	0.00	0.00	0.00	0.00	0.00	0.00	0.00	0.00	0.00	0.00	0.00	0.04	0.70	0.68	1.00
A0A0H3NCI5	SL1344_1269	rpl35	50S ribosomal protein L35	65	0.00	0.00	0.00	0.00	0.00	0.00	0.00	0.00	0.00	0.00	0.00	0.00	0.00	0.01	0.01	0.02	0.00	0.11	0.71	1.00	0.66
A0A0H3NCL9	SL1344_1301	ydiH	Uncharacterized protein	62	0.92	1.00	0.37	0.41	0.36	0.12	0.03	0.01	0.01	0.00	0.00	0.00	0.00	0.00	0.00	0.00	0.00	0.00	0.00	0.00	0.00
A0A0H3NDW2	SL1344_0534	ybcJ	Uncharacterized protein	70	1.00	0.76	0.17	0.07	0.00	0.01	0.01	0.00	0.00	0.00	0.00	0.00	0.00	0.00	0.00	0.00	0.00	0.00	0.00	0.00	0.00
A0A0H3NHM6	SL1344_1766	cspC	Cold shock-like protein CspC	69	1.00	0.73	0.36	0.09	0.03	0.02	0.01	0.00	0.00	0.00	0.00	0.00	0.00	0.00	0.00	0.00	0.00	0.00	0.00	0.00	0.00
A0A0H3NXX9	SL1344_P3_0006	SL1344_P3_0006	Uncharacterized protein	70	1.00	0.57	0.27	0.06	0.01	0.00	0.00	0.00	0.00	0.00	0.00	0.00	0.00	0.00	0.00	0.00	0.00	0.00	0.00	0.00	0.00
A0A0H3N9E2	SL1344_0617	cspE	Cold shock-like protein cspE	70	1.00	0.73	0.33	0.10	0.04	0.02	0.01	0.00	0.00	0.00	0.00	0.00	0.00	0.00	0.00	0.00	0.00	0.00	0.00	0.00	0.00
A0A0H3NKM0	SL1344_2585	0	Predicted bacteriophage protein	63	1.00	0.71	0.20	0.01	0.00	0.00	0.00	0.00	0.00	0.00	0.00	0.00	0.00	0.00	0.00	0.00	0.00	0.01	0.04	0.01	0.03
A0A0H3NMH3	SL1344_3423	yheV	Uncharacterized protein	66	0.54	1.00	0.37	0.13	0.04	0.01	0.00	0.00	0.00	0.00	0.00	0.00	0.00	0.00	0.00	0.00	0.00	0.00	0.00	0.00	0.00
A0A0H3NEB6	SL1344_2499	yfhJ	Uncharacterized protein	66	1.00	0.57	0.21	0.07	0.02	0.01	0.00	0.00	0.00	0.00	0.00	0.00	0.00	0.00	0.00	0.00	0.00	0.00	0.00	0.00	0.00
A0A0H3NYX3	SL1344_P3_0005	SL1344_P3_0005	Repressor protein	68	1.00	0.71	0.18	0.10	0.01	0.00	0.00	0.00	0.00	0.00	0.00	0.00	0.00	0.00	0.00	0.00	0.00	0.00	0.00	0.00	0.00
A0A0H3NI90	SL1344_4045	rpmE	50S ribosomal protein L31	70	0.04	0.03	0.01	0.00	0.01	0.00	0.01	0.00	0.00	0.00	0.00	0.00	0.00	0.01	0.03	0.02	0.06	0.30	0.46	0.25	1.00
A0A0H3P026	SL1344_P1_0092	pefI	Plasmid-encoded fimbriae	70	1.00	0.87	0.07	0.00	0.00	0.00	0.14	0.00	0.00	0.00	0.00	0.00	0.00	0.00	0.00	0.00	0.00	0.00	0.00	0.00	0.00
A0A0H3NHL5	SL1344_0239	yaeP	UPF0253 protein YaeP	72	1.00	0.70	0.28	0.03	0.01	0.00	0.00	0.00	0.00	0.00	0.00	0.00	0.00	0.00	0.00	0.00	0.00	0.00	0.00	0.00	0.00
E1WGN1	SL1344_1924	cspJ	Cold shock-like protein CspJ	70	1.00	0.73	0.12	0.00	0.00	0.00	0.00	0.00	0.00	0.00	0.00	0.00	0.00	0.00	0.00	0.00	0.00	0.00	0.00	0.00	0.00
A0A0H3NLQ3	SL1344_1635	yciZ	UPF0509 protein YciZ	70	1.00	0.00	0.00	0.00	0.00	0.00	0.00	0.00	0.00	0.00	0.00	0.00	0.00	0.00	0.00	0.00	0.00	0.00	0.00	0.00	0.00
A0A0H3NA23	SL1344_0882	cspD	Cold shock-like protein CspD	73	0.55	0.58	0.64	1.00	0.92	0.93	0.55	0.38	0.24	0.18	0.11	0.05	0.03	0.03	0.04	0.04	0.03	0.01	0.00	0.01	0.01
A0A0H3NAX9	SL1344_1322	orf70	Uncharacterized protein	70	0.96	1.00	0.00	0.00	0.00	0.00	0.00	0.00	0.00	0.00	0.00	0.00	0.00	0.00	0.00	0.00	0.00	0.00	0.00	0.00	0.00
A0A0H3NKD5	SL1344_2480	yfgJ	Uncharacterized protein	73	1.00	0.77	0.12	0.00	0.00	0.00	0.00	0.00	0.00	0.00	0.00	0.00	0.00	0.00	0.00	0.00	0.00	0.00	0.00	0.00	0.00
A0A0H3NVZ7	SL1344_4339	ytfK	Uncharacterized protein	68	1.00	0.00	0.00	0.00	0.00	0.00	0.00	0.00	0.00	0.00	0.00	0.00	0.00	0.00	0.00	0.00	0.00	0.00	0.00	0.00	0.00
A0A0H3NE14	SL1344_1878	yecF	Uncharacterized protein	74	1.00	0.94	0.40	0.12	0.04	0.02	0.01	0.00	0.00	0.00	0.00	0.00	0.00	0.00	0.00	0.00	0.00	0.00	0.00	0.00	0.00
A0A0H3NI14	SL1344_3170	glgS	Surface composition regulator	69	1.00	0.96	0.00	0.00	0.00	0.00	0.00	0.00	0.00	0.00	0.00	0.00	0.00	0.00	0.00	0.00	0.00	0.00	0.00	0.00	0.00
A0A0H3NJG2	SL1344_2204	yejL	UPF0352 protein YejL	75	1.00	0.39	0.21	0.05	0.12	0.00	0.00	0.00	0.00	0.00	0.00	0.00	0.00	0.00	0.00	0.00	0.00	0.00	0.00	0.00	0.00
A0A0H3N9L5	SL1344_0891	infA	Translation initiation factor IF-1	72	1.00	0.63	0.31	0.12	0.06	0.02	0.01	0.01	0.00	0.00	0.00	0.00	0.00	0.00	0.00	0.00	0.00	0.00	0.00	0.00	0.00
A0A0H3NJG4	SL1344_3837	atpE	ATP synthase subunit c (ATP synthase F(0) sector subunit c) (F-type ATPase subunit c) (F-ATPase subunit c) (Lipid-binding protein)	79	0.00	0.00	0.00	0.00	0.00	0.00	0.00	0.00	0.00	0.00	0.00	0.00	0.00	0.00	0.00	0.00	0.00	0.00	0.00	0.00	1.00
A0A0H3NIF6	SL1344_3421	slyX	Protein SlyX	72	1.00	0.62	0.60	0.08	0.02	0.00	0.00	0.00	0.00	0.00	0.00	0.00	0.00	0.00	0.00	0.00	0.00	0.00	0.00	0.00	0.00
A0A0H3NK61	SL1344_2438	SL1344_2438	Uncharacterized protein	76	0.62	1.00	0.35	0.09	0.05	0.01	0.01	0.00	0.00	0.00	0.00	0.00	0.00	0.00	0.00	0.00	0.00	0.00	0.00	0.00	0.00
A0A0H3NXH0	SL1344_P1_0080	ccdA	Toxin addiction system	72	0.00	1.00	0.68	0.00	0.00	0.00	0.00	0.00	0.00	0.00	0.00	0.00	0.00	0.00	0.00	0.00	0.00	0.00	0.00	0.00	0.00
A0A0H3NT19	SL1344_3472	feoA	Hypothetical ferrous iron transport protein	75	1.00	0.42	0.00	0.00	0.00	0.00	0.00	0.00	0.00	0.00	0.00	0.00	0.00	0.00	0.00	0.00	0.00	0.00	0.00	0.00	0.00
A0A0H3NSW9	SL1344_3430	yheU	UPF0270 protein YheU	72	1.00	0.40	0.56	0.00	0.00	0.00	0.00	0.00	0.00	0.00	0.00	0.00	0.00	0.00	0.00	0.00	0.00	0.00	0.00	0.00	0.00
A0A0H3NCM8	SL1344_1311	lpp	Major outer membrane lipoprotein	78	0.95	1.00	0.34	0.21	0.24	0.17	0.22	0.24	0.21	0.17	0.12	0.06	0.19	0.10	0.48	0.20	0.31	0.11	0.10	0.02	0.68
A0A0H3NIS6	SL1344_3525	phd	Antitoxin	75	0.00	1.00	0.00	0.00	0.00	0.00	0.00	0.00	0.00	0.00	0.00	0.00	0.00	0.00	0.00	0.00	0.00	0.00	0.00	0.00	0.00
A0A0H3NIT0	SL1344_4176	yjbJ	Uncharacterized protein	70	1.00	0.80	0.21	0.02	0.02	0.00	0.00	0.00	0.00	0.00	0.00	0.00	0.00	0.00	0.00	0.00	0.00	0.00	0.00	0.00	0.00
A0A0H3NM35	SL1344_3183	rpsU	30S ribosomal protein S21	71	0.00	0.00	0.00	0.00	0.00	0.00	0.00	0.00	0.01	0.06	0.04	0.00	0.02	0.00	0.03	0.01	0.09	0.30	0.58	0.02	1.00
A0A0H3NQ54	SL1344_2638	SL1344_2638	Predicted bacteriophage protein	75	0.00	0.00	0.00	0.00	0.00	0.00	1.00	0.20	0.13	0.05	0.00	0.00	0.00	0.00	0.00	0.00	0.00	0.00	0.00	0.00	0.00
A0A0H3N8G7	SL1344_0466	hha	Hemolysin expression-modulating protein Hha	72	1.00	0.61	0.11	0.02	0.00	0.00	0.00	0.00	0.00	0.00	0.00	0.00	0.00	0.00	0.00	0.00	0.00	0.00	0.00	0.00	0.00
A0A0H3NMM6	SL1344_1913	yodD	Uncharacterized protein	75	1.00	0.62	0.27	0.00	0.00	0.00	0.00	0.00	0.00	0.00	0.00	0.00	0.00	0.00	0.00	0.00	0.00	0.00	0.00	0.00	0.00
A0A0H3NCI9	SL1344_1895	yedF	Uncharacterized protein	77	1.00	0.79	0.00	0.09	0.00	0.00	0.00	0.00	0.00	0.00	0.00	0.01	0.00	0.00	0.00	0.00	0.00	0.00	0.00	0.00	0.00
A0A0H3NK91	SL1344_1133	acpP	Acyl carrier protein (ACP)	78	1.00	0.79	0.33	0.11	0.04	0.02	0.01	0.00	0.00	0.00	0.00	0.00	0.00	0.00	0.00	0.00	0.00	0.00	0.00	0.00	0.00
A0A0H3NAG4	SL1344_1057	yccJ	Uncharacterized protein	75	1.00	0.68	0.18	0.02	0.01	0.01	0.01	0.00	0.00	0.00	0.00	0.00	0.00	0.00	0.00	0.00	0.00	0.00	0.00	0.00	0.00
A0A0H3NCG1	SL1344_1869	yecH	Uncharacterized protein	79	1.00	0.24	0.00	0.00	0.00	0.00	0.00	0.00	0.00	0.00	0.00	0.00	0.00	0.00	0.00	0.00	0.00	0.00	0.00	0.00	0.00
A0A0H3NCL6	SL1344_1810	holE	DNA polymerase III, theta subunit	76	1.00	0.55	0.05	0.00	0.00	0.12	0.01	0.00	0.01	0.01	0.00	0.00	0.00	0.00	0.00	0.00	0.00	0.00	0.00	0.00	0.00
A0A0H3N9V5	SL1344_0957	SL1344_0957	DNA Damage Inducible Protein	77	1.00	0.00	0.00	0.00	0.00	0.00	0.00	0.00	0.00	0.00	0.00	0.00	0.00	0.00	0.00	0.00	0.00	0.00	0.00	0.00	0.00
A0A0H3NF21	SL1344_2781	SL1344_2781	Hypothetical transcriptional regulator	79	0.62	1.00	0.00	0.00	0.00	0.00	0.00	0.00	0.00	0.00	0.00	0.00	0.00	0.00	0.00	0.00	0.00	0.00	0.00	0.00	0.00
A0A0H3NEI5	SL1344_2584	SL1344_2584	Hypothetical damage-inducible protein	77	1.00	0.00	0.00	0.00	0.00	0.00	0.00	0.00	0.00	0.00	0.00	0.00	0.00	0.00	0.00	0.00	0.00	0.00	0.00	0.00	0.00
A0A0H3NC23	SL1344_1619	pspB	Bacteriophage shock protein B	74	0.00	0.00	0.00	0.00	0.00	0.00	0.00	0.00	0.00	0.00	0.00	0.00	0.00	0.00	0.00	0.00	0.00	0.21	0.00	0.00	1.00
A0A0H3NC84	SL1344_1780	SL1344_1780	Uncharacterized protein	79	1.00	0.58	0.19	0.00	0.00	0.00	0.00	0.00	0.00	0.00	0.00	0.00	0.00	0.00	0.00	0.00	0.00	0.00	0.00	0.00	0.00
A0A0H3NM01	SL1344_3117	hybG	Hydrogenase-2 component protein	82	0.65	1.00	0.20	0.00	0.00	0.00	0.00	0.00	0.00	0.00	0.00	0.00	0.00	0.00	0.00	0.00	0.00	0.00	0.00	0.00	0.00
A0A0H3NBS3	SL1344_1523	ydcY	Uncharacterized protein	77	0.61	1.00	0.42	0.13	0.03	0.00	0.00	0.00	0.00	0.00	0.00	0.00	0.00	0.00	0.00	0.00	0.00	0.00	0.00	0.00	0.00
A0A0H3NF82	SL1344_2853	prgI	Type III secretion system apparatus	80	0.28	0.20	0.05	0.03	0.24	1.00	0.74	0.43	0.21	0.11	0.05	0.02	0.01	0.00	0.00	0.00	0.01	0.01	0.01	0.00	0.09
A0A0H3N8W3	SL1344_0418	xseB	Exodeoxyribonuclease 7 small subunit (EC 3.1.11.6) (Exodeoxyribonuclease VII small subunit) (Exonuclease VII small subunit)	80	1.00	0.72	0.33	0.54	0.40	0.32	0.16	0.21	0.11	0.03	0.05	0.01	0.00	0.00	0.00	0.00	0.00	0.00	0.00	0.00	0.00
A0A0H3NHY1	SL1344_3927	tatA	Sec-independent protein translocase protein TatA	84	0.00	0.00	0.00	0.00	0.00	0.00	0.00	0.00	0.00	0.00	0.00	0.00	0.00	0.00	0.00	0.00	0.00	0.00	0.00	0.00	1.00
A0A0H3NHE7	SL1344_1698	chaB	Cation transport regulator ChaB	76	1.00	0.78	0.27	0.02	0.00	0.00	0.00	0.00	0.00	0.00	0.00	0.00	0.00	0.00	0.00	0.00	0.00	0.00	0.00	0.00	0.00
A0A0H3NJ86	SL1344_4379	relB	Antitoxin protein	80	1.00	0.00	0.00	0.00	0.00	0.00	0.00	0.00	0.00	0.00	0.00	0.00	0.00	0.00	0.00	0.00	0.00	0.00	0.00	0.00	0.00
A0A0H3NIV5	SL1344_4326	rpsR	30S ribosomal protein S18	75	0.00	0.01	0.01	0.01	0.00	0.00	0.00	0.00	0.01	0.05	0.04	0.00	0.01	0.00	0.00	0.00	0.01	0.18	0.70	0.15	1.00
A0A0H3NC18	SL1344_1099	dinI	Damage-inducible protein	81	1.00	0.00	0.00	0.00	0.00	0.00	0.00	0.00	0.00	0.00	0.00	0.00	0.00	0.00	0.00	0.00	0.00	0.00	0.00	0.00	0.00
A0A0H3NGF1	SL1344_1393	ydgT	Transcription modulator YdgT (H-NS/StpA-binding protein 2) (OriC-binding nucleoid-associated protein)	76	0.95	1.00	0.66	0.10	0.04	0.00	0.00	0.00	0.00	0.00	0.00	0.00	0.00	0.00	0.00	0.00	0.00	0.00	0.00	0.00	0.00
A0A0H3NHF0	SL1344_3694	rpmB	50S ribosomal protein L28	78	0.00	0.00	0.00	0.00	0.01	0.01	0.01	0.01	0.00	0.00	0.00	0.00	0.00	0.00	0.01	0.01	0.00	0.19	0.55	0.09	1.00
A0A0H3N9B6	SL1344_0781	moaD	Molybdopterin converting factor, subunit 1	83	0.77	1.00	0.41	0.07	0.02	0.00	0.00	0.00	0.00	0.00	0.00	0.00	0.00	0.00	0.00	0.00	0.00	0.00	0.00	0.00	0.00
A0A0H3NF12	SL1344_2187	SL1344_2187	Uncharacterized protein	84	1.00	0.00	0.00	0.00	0.00	0.00	0.00	0.00	0.00	0.00	0.00	0.00	0.00	0.00	0.00	0.00	0.00	0.00	0.00	0.00	0.00
A0A0H3NCZ8	SL1344_2021	pduJ	Propanediol utilization protein	91	0.71	1.00	0.33	0.06	0.04	0.01	0.00	0.00	0.00	0.00	0.00	0.00	0.00	0.00	0.00	0.00	0.00	0.00	0.00	0.00	0.00
A0A0H3NPA9	SL1344_2394	ptsH	Phosphocarrier protein HPr	85	1.00	0.59	0.13	0.04	0.01	0.01	0.00	0.00	0.00	0.00	0.00	0.00	0.00	0.00	0.00	0.00	0.00	0.00	0.00	0.00	0.00
A0A0H3NGE3	SL1344_3275	rpmA	50S ribosomal protein L27	85	0.00	0.00	0.00	0.00	0.00	0.00	0.00	0.00	0.00	0.00	0.00	0.00	0.00	0.00	0.01	0.00	0.01	0.10	0.24	0.22	1.00
A0A0H3NJ23	SL1344_3668	grxC	Glutaredoxin	83	1.00	0.59	0.17	0.04	0.02	0.01	0.00	0.00	0.00	0.00	0.00	0.00	0.00	0.00	0.00	0.00	0.00	0.00	0.00	0.00	0.00
A0A0H3NH48	SL1344_3543	yhhP	Sulfur carrier protein TusA (Sulfur mediator TusA) (Sulfur transfer protein TusA) (tRNA 2-thiouridine synthesizing protein A)	81	1.00	0.76	0.20	0.00	0.00	0.00	0.00	0.00	0.00	0.00	0.00	0.00	0.00	0.00	0.00	0.00	0.00	0.00	0.00	0.00	0.00
E1WAC5	SL1344_2860	iacP	Probable acyl carrier protein IacP (ACP)	82	0.82	1.00	0.24	0.00	0.00	0.00	0.00	0.00	0.00	0.00	0.00	0.00	0.00	0.00	0.00	0.00	0.00	0.00	0.00	0.00	0.00
A0A0H3NGG0	SL1344_2649	rps16	30S ribosomal protein S16	82	0.01	0.02	0.02	0.01	0.01	0.00	0.00	0.00	0.00	0.00	0.01	0.00	0.00	0.00	0.00	0.00	0.01	0.03	0.22	0.03	1.00
A0A0H3NA20	SL1344_0445	hupB	DNA-binding protein HU-beta	90	0.77	1.00	0.80	0.65	0.23	0.16	0.04	0.02	0.01	0.00	0.00	0.00	0.00	0.00	0.00	0.00	0.00	0.00	0.00	0.00	0.00
A0A0H3NC85	SL1344_1180	msgA	Hypothetical virulence protein (MsgA)	79	1.00	0.68	0.13	0.00	0.00	0.00	0.00	0.00	0.00	0.00	0.00	0.00	0.00	0.00	0.00	0.00	0.00	0.00	0.00	0.00	0.00
A0A0H3NIH8	SL1344_4037	yiiU	Cell division protein ZapB	79	0.16	1.00	0.77	0.39	0.14	0.10	0.04	0.02	0.01	0.00	0.00	0.00	0.00	0.00	0.00	0.00	0.00	0.00	0.00	0.00	0.00
A0A0H3NKM3	SL1344_1254	cedA	Cell division activator CedA	80	0.00	0.00	0.00	0.00	0.49	1.00	0.85	0.40	0.20	0.13	0.06	0.01	0.00	0.00	0.00	0.00	0.00	0.00	0.00	0.00	0.00
A0A0H3NFT3	SL1344_1202	SL1344_1202	Uncharacterized protein	82	1.00	0.59	0.18	0.00	0.00	0.00	0.00	0.00	0.00	0.00	0.00	0.00	0.00	0.00	0.00	0.00	0.00	0.00	0.00	0.00	0.00
A0A0H3NVP5	SL1344_4248	SL1344_4248	Predicted bacteriophage protein	89	1.00	0.00	0.00	0.00	0.00	0.00	0.00	0.00	0.00	0.00	0.00	0.00	0.00	0.00	0.00	0.00	0.00	0.00	0.00	0.00	0.00
A0A0H3NBV0	SL1344_1647	yciN	Uncharacterized protein	83	1.00	0.66	0.14	0.02	0.01	0.00	0.00	0.00	0.00	0.00	0.00	0.00	0.00	0.00	0.00	0.00	0.00	0.00	0.00	0.00	0.00
A0A0H3N8A2	SL1344_0238	rof	ROF protein	84	1.00	0.84	0.22	0.05	0.01	0.01	0.00	0.01	0.00	0.00	0.00	0.00	0.00	0.00	0.00	0.00	0.00	0.00	0.00	0.00	0.00
A0A0H3NF54	SL1344_2230	napD	Chaperone NapD (NapA signal peptide-binding chaperone NapD)	87	1.00	0.86	0.30	0.11	0.00	0.00	0.00	0.00	0.00	0.00	0.00	0.00	0.00	0.00	0.00	0.00	0.00	0.00	0.00	0.00	0.00
A0A0H3NH04	SL1344_3484	SL1344_3484	Uncharacterized protein	86	1.00	0.90	0.41	0.02	0.00	0.00	0.00	0.00	0.00	0.00	0.00	0.00	0.00	0.00	0.00	0.00	0.00	0.00	0.00	0.00	0.00
A0A0H3NIN1	SL1344_4109	hupA	Histone like DNA-binding protein HU-alpha (NS2) (HU-2)	90	0.90	1.00	0.96	0.69	0.37	0.22	0.08	0.04	0.02	0.01	0.01	0.00	0.00	0.00	0.00	0.00	0.00	0.00	0.00	0.00	0.00
A0A0H3NN24	SL1344_2014	pduA	Hypothetical propanediol utilization protein	94	0.58	1.00	0.41	0.14	0.06	0.00	0.01	0.01	0.00	0.00	0.00	0.00	0.00	0.00	0.00	0.00	0.00	0.00	0.00	0.00	0.00
A0A0H3NH08	SL1344_0044	rpsT	30S ribosomal protein S20	87	0.00	0.00	0.00	0.00	0.01	0.00	0.01	0.00	0.01	0.04	0.03	0.00	0.01	0.00	0.01	0.00	0.03	0.15	0.56	0.08	1.00
A0A0H3NB25	SL1344_0800	ybiI	Hypothetical Zinc-finger containing protein	88	1.00	0.63	0.10	0.00	0.00	0.00	0.00	0.00	0.00	0.00	0.00	0.00	0.00	0.00	0.00	0.00	0.00	0.00	0.00	0.00	0.00
A0A0H3NJQ7	SL1344_2312	SL1344_2312	Hypothetical sugar phosphotransferase component II B	90	1.00	0.59	0.24	0.02	0.01	0.00	0.00	0.00	0.00	0.00	0.00	0.00	0.00	0.00	0.00	0.00	0.00	0.00	0.00	0.00	0.00
A0A0H3NGR4	SL1344_3398	rpsQ	30S ribosomal protein S17	84	0.15	0.18	0.08	0.05	0.03	0.01	0.02	0.02	0.03	0.14	0.09	0.07	0.06	0.05	0.03	0.07	0.06	0.33	1.00	0.52	0.96
A0A0H3NPV8	SL1344_2538	yfhL	Hypothetical ferredoxin	86	1.00	0.70	0.00	0.00	0.00	0.00	0.00	0.00	0.00	0.00	0.00	0.00	0.00	0.00	0.00	0.00	0.00	0.00	0.00	0.00	0.00
A0A0H3NF73	SL1344_2836	hypC	Hydrogenase isoenzymes formation protein HypC	90	1.00	0.40	0.00	0.00	0.00	0.00	0.00	0.00	0.00	0.00	0.00	0.00	0.00	0.00	0.00	0.00	0.00	0.00	0.00	0.00	0.00
A0A0H3NDT1	SL1344_2273	pmrD	Polymyxin B resistance protein	85	0.96	1.00	0.18	0.00	0.00	0.00	0.02	0.01	0.02	0.00	0.00	0.00	0.00	0.00	0.00	0.00	0.00	0.00	0.00	0.00	0.00
A0A0H3NI76	SL1344_4020	SL1344_4020	Uncharacterized protein	88	0.66	1.00	0.00	0.00	0.00	0.00	0.00	0.00	0.00	0.00	0.00	0.00	0.00	0.00	0.00	0.00	0.00	0.00	0.00	0.00	0.00
A0A0H3NDP7	SL1344_0462	rpmE2	50S ribosomal protein L31 type B	86	0.00	0.00	0.00	0.00	0.00	0.00	0.00	0.00	0.00	0.00	0.00	0.00	0.00	0.00	0.00	0.00	0.09	0.35	0.81	0.00	1.00
A0A0H3NMC9	SL1344_3367	yrdB	Uncharacterized protein	85	1.00	0.90	0.29	0.10	0.02	0.01	0.00	0.00	0.00	0.00	0.00	0.00	0.00	0.00	0.00	0.00	0.00	0.00	0.00	0.00	0.00
A0A0H3NLG4	SL1344_1543	SL1344_1543	Hypothetical phosphotransferase enzyme	93	1.00	0.68	0.00	0.00	0.00	0.00	0.00	0.00	0.00	0.00	0.00	0.00	0.00	0.00	0.00	0.00	0.00	0.00	0.00	0.00	0.00
A0A0H3N846	SL1344_0361	yahO	Probable secreted protein	91	1.00	0.66	0.18	0.04	0.01	0.00	0.00	0.00	0.00	0.00	0.00	0.00	0.00	0.00	0.00	0.00	0.00	0.00	0.00	0.00	0.00
A0A0H3N9I0	SL1344_0848	grxA	Glutaredoxin 1	87	1.00	0.96	0.10	0.03	0.01	0.00	0.00	0.00	0.00	0.00	0.00	0.00	0.00	0.00	0.00	0.00	0.00	0.00	0.00	0.00	0.00
A0A0H3NHK0	SL1344_3749	SL1344_3749	Hypothetical IIB component of PTS system	95	1.00	0.72	0.18	0.00	0.00	0.00	0.00	0.00	0.00	0.00	0.00	0.00	0.00	0.00	0.00	0.00	0.00	0.00	0.00	0.00	0.00
A0A0H3NP54	SL1344_2349	yfcL	Uncharacterized protein	91	1.00	0.84	0.29	0.02	0.01	0.00	0.00	0.00	0.00	0.00	0.00	0.00	0.00	0.00	0.00	0.00	0.00	0.00	0.00	0.00	0.00
A0A0H3NS78	SL1344_3232	gatB	PTS system, galactitol-specific IIB component	94	1.00	0.17	0.00	0.00	0.00	0.00	0.00	0.00	0.00	0.00	0.00	0.00	0.00	0.00	0.00	0.00	0.00	0.00	0.00	0.00	0.00
A0A0H3N8P5	SL1344_0378	yaiB	Anti-adapter protein IraP	88	0.85	1.00	0.45	0.08	0.04	0.02	0.01	0.00	0.00	0.00	0.00	0.00	0.00	0.00	0.00	0.00	0.00	0.00	0.00	0.00	0.00
A0A0H3N873	SL1344_0386	yaiE	Pyrimidine/purine nucleoside phosphorylase (EC 2.4.2.1) (EC 2.4.2.2) (Adenosine phosphorylase) (Cytidine phosphorylase) (Guanosine phosphorylase) (EC 2.4.2.15) (Inosine phosphorylase) (Thymidine phosphorylase) (EC 2.4.2.4) (Uridine phosphorylase) (EC 2.4.2.3) (Xanthosine phosphorylase)	94	1.00	0.93	0.34	0.06	0.01	0.01	0.00	0.00	0.00	0.00	0.00	0.00	0.00	0.00	0.00	0.00	0.00	0.00	0.00	0.00	0.00
A0A0H3P034	SL1344_P2_0003	yacA	Conserved hypothetical plasmid protein	89	0.43	1.00	0.46	0.00	0.00	0.00	0.00	0.00	0.00	0.00	0.00	0.00	0.00	0.00	0.00	0.00	0.00	0.00	0.00	0.00	0.00
A0A0H3NHJ8	SL1344_1744	minE	Cell division topological specificity factor	88	0.99	1.00	0.32	0.07	0.02	0.01	0.00	0.00	0.00	0.00	0.00	0.00	0.00	0.00	0.00	0.00	0.00	0.00	0.00	0.00	0.01
A0A0H3NGC5	SL1344_3256	rpsO	30S ribosomal protein S15	89	0.01	0.02	0.03	0.02	0.01	0.01	0.01	0.00	0.01	0.03	0.03	0.02	0.01	0.01	0.00	0.00	0.00	0.08	0.51	0.66	1.00
A0A0H3NFQ4	SL1344_3001	yohL	Uncharacterized protein	90	0.66	0.00	0.00	0.00	0.09	0.94	1.00	0.46	0.41	0.31	0.16	0.00	0.00	0.00	0.00	0.00	0.00	0.00	0.00	0.00	0.00
A0A0H3NCE4	SL1344_1235	SL1344_1235	Hypothetical exported protein	91	0.80	1.00	0.29	0.02	0.01	0.01	0.00	0.00	0.00	0.00	0.00	0.00	0.00	0.00	0.00	0.00	0.00	0.00	0.00	0.00	0.00
A0A0H3NTT7	SL1344_3707	rpoZ	DNA-directed RNA polymerase subunit omega (RNAP omega subunit) (EC 2.7.7.6) (RNA polymerase omega subunit) (Transcriptase subunit omega)	91	0.18	0.16	0.10	0.22	0.87	1.00	0.62	0.44	0.27	0.19	0.14	0.14	0.05	0.03	0.01	0.01	0.00	0.01	0.00	0.00	0.01
A0A0H3NP68	SL1344_2359	yfcZ	Uncharacterized protein	94	1.00	0.99	0.59	0.24	0.10	0.04	0.02	0.01	0.01	0.00	0.00	0.00	0.00	0.00	0.00	0.00	0.00	0.00	0.00	0.00	0.00
A0A0H3NNK0	SL1344_3943	yihD	Uncharacterized protein	89	1.00	0.66	0.25	0.06	0.02	0.00	0.00	0.00	0.00	0.00	0.00	0.00	0.00	0.00	0.00	0.00	0.00	0.00	0.00	0.00	0.00
A0A0H3N8Y3	SL1344_0083	SL1344_0083	Probable secreted protein	96	1.00	0.86	0.07	0.00	0.01	0.00	0.01	0.00	0.00	0.00	0.00	0.00	0.00	0.00	0.00	0.00	0.00	0.00	0.00	0.00	0.00
A0A0H3NPH0	SL1344_4266	groES	10 kDa chaperonin (GroES protein) (Protein Cpn10)	97	0.33	1.00	0.84	0.48	0.26	0.17	0.15	0.24	0.16	0.09	0.03	0.01	0.01	0.00	0.00	0.00	0.00	0.00	0.00	0.00	0.00
A0A0H3NJJ4	SL1344_3870	ppiC	Peptidylprolyl isomerase (EC 5.2.1.8)	93	1.00	0.61	0.12	0.03	0.01	0.00	0.00	0.01	0.00	0.00	0.00	0.00	0.00	0.00	0.00	0.00	0.00	0.00	0.00	0.00	0.00
A0A0H3NJY6	SL1344_1023	yccX	Acylphosphatase (EC 3.6.1.7) (Acylphosphate phosphohydrolase)	93	1.00	0.83	0.00	0.00	0.00	0.00	0.00	0.00	0.00	0.00	0.00	0.00	0.00	0.00	0.00	0.00	0.00	0.00	0.00	0.00	0.00
A0A0H3NLM8	SL1344_2936	SL1344_2936	Uncharacterized protein	91	0.00	1.00	0.00	0.22	0.10	0.00	0.00	0.00	0.00	0.00	0.00	0.00	0.00	0.00	0.00	0.00	0.00	0.00	0.00	0.00	0.00
A0A0H3NGR9	SL1344_3403	rpsS	30S ribosomal protein S19	92	0.00	0.01	0.00	0.00	0.00	0.00	0.00	0.00	0.01	0.04	0.04	0.02	0.01	0.01	0.01	0.01	0.01	0.12	0.46	0.52	1.00
A0A0H3NCH4	SL1344_1260	ydiZ	Uncharacterized protein	96	1.00	0.43	0.00	0.00	0.00	0.00	0.00	0.00	0.00	0.00	0.00	0.00	0.00	0.00	0.00	0.00	0.00	0.00	0.00	0.00	0.00
A0A0H3NFW2	SL1344_1227	yeaC	Uncharacterized protein	92	1.00	0.81	0.21	0.02	0.01	0.00	0.00	0.00	0.00	0.00	0.00	0.00	0.00	0.00	0.00	0.00	0.00	0.00	0.00	0.00	0.00
A0A0H3NP31	SL1344_4129	yjbD	Uncharacterized protein	90	1.00	0.96	0.31	0.10	0.03	0.00	0.01	0.00	0.00	0.00	0.00	0.00	0.00	0.00	0.00	0.00	0.00	0.00	0.00	0.00	0.00
A0A0H3NLY0	SL1344_3077	yggU	UPF0235 protein YggU	96	1.00	0.71	0.11	0.00	0.00	0.00	0.00	0.00	0.00	0.00	0.00	0.00	0.00	0.00	0.00	0.00	0.00	0.00	0.00	0.00	0.00
A0A0H3NIF3	SL1344_3416	yheL	Protein TusB (tRNA 2-thiouridine synthesizing protein B)	95	0.16	1.00	0.82	0.32	0.07	0.01	0.00	0.00	0.00	0.00	0.00	0.00	0.00	0.00	0.00	0.00	0.00	0.00	0.00	0.00	0.00
A0A0H3NNN3	SL1344_2201	rplY	50S ribosomal protein L25	94	0.01	0.01	0.01	0.00	0.00	0.00	0.00	0.00	0.00	0.00	0.00	0.00	0.00	0.00	0.01	0.00	0.02	0.10	0.47	0.17	1.00
A0A0H3NFS3	SL1344_3023	ygfY	Uncharacterized protein	88	0.79	1.00	0.41	0.03	0.00	0.00	0.00	0.00	0.00	0.00	0.00	0.00	0.00	0.00	0.00	0.00	0.00	0.00	0.00	0.00	0.00
A0A0H3NC27	SL1344_1109	flgM	Negative regulator of flagellin synthesis (Anti-sigma factor)	97	0.96	1.00	0.51	0.11	0.03	0.01	0.01	0.00	0.00	0.00	0.00	0.00	0.00	0.00	0.00	0.00	0.00	0.00	0.00	0.00	0.00
A0A0H3NGM7	SL1344_2732	SL1344_2732	Hypothetical transcriptional regulator	96	1.00	0.67	0.31	0.03	0.02	0.00	0.00	0.00	0.00	0.00	0.00	0.00	0.00	0.00	0.00	0.00	0.00	0.00	0.00	0.00	0.00
A0A0H3NC72	SL1344_1669	yciI	Uncharacterized protein	98	0.64	1.00	0.27	0.06	0.03	0.01	0.00	0.00	0.00	0.00	0.00	0.00	0.00	0.00	0.00	0.00	0.00	0.00	0.00	0.00	0.00
A0A0H3NJP8	SL1344_0919	himD	Integration host factor subunit beta (IHF-beta)	94	0.40	0.92	0.67	0.77	1.00	0.62	0.39	0.20	0.08	0.03	0.01	0.00	0.00	0.00	0.00	0.00	0.00	0.00	0.00	0.00	0.01
A0A0H3NH06	SL1344_2884	SL1344_2884	Salmonella pathogenicity island 1 protein	96	0.72	1.00	0.00	0.00	0.00	0.02	0.02	0.02	0.01	0.01	0.00	0.00	0.00	0.00	0.00	0.00	0.00	0.00	0.00	0.00	0.00
A0A0H3NM88	SL1344_3281	yrbB	Possible anti-sigma factor antagonist	98	1.00	0.59	0.17	0.27	0.00	0.00	0.00	0.00	0.00	0.00	0.00	0.00	0.00	0.00	0.00	0.00	0.00	0.00	0.00	0.00	0.24
A0A0H3NGJ8	SL1344_3335	yhcO	Uncharacterized protein	90	1.00	0.00	0.00	0.00	0.00	0.00	0.00	0.00	0.00	0.00	0.00	0.00	0.00	0.00	0.00	0.00	0.00	0.00	0.00	0.00	0.00
A0A0H3NMB7	SL1344_1816	yebG	Uncharacterized protein	96	0.06	0.00	0.00	0.00	0.60	0.84	1.00	0.75	0.41	0.38	0.17	0.00	0.04	0.00	0.00	0.00	0.00	0.00	0.00	0.00	0.00
A0A0H3NBD5	SL1344_1464	SL1344_1464	Hydrogenase isoenzymes formation protein	99	0.70	1.00	0.00	0.00	0.00	0.00	0.00	0.17	0.00	0.00	0.00	0.00	0.00	0.00	0.00	0.00	0.00	0.00	0.00	0.00	0.00
A0A0H3NGD7	SL1344_3270	yhbY	Uncharacterized protein	97	1.00	0.62	0.38	0.10	0.07	0.03	0.04	0.02	0.02	0.01	0.01	0.00	0.01	0.00	0.02	0.01	0.01	0.02	0.02	0.01	0.02
A0A0H3NQ73	SL1344_2658	rnfH	UPF0125 protein SL1344_2658	96	1.00	0.27	0.00	0.00	0.00	0.00	0.00	0.00	0.00	0.00	0.00	0.00	0.00	0.00	0.00	0.00	0.00	0.00	0.00	0.00	0.00
A0A0H3N909	SL1344_0677	ybfE	Uncharacterized protein	93	0.00	0.00	0.00	0.00	0.89	1.00	0.72	0.47	0.35	0.26	0.07	0.05	0.00	0.00	0.00	0.00	0.00	0.00	0.00	0.00	0.00
A0A0H3NSE0	SL1344_3293	yhbH	Probable sigma(54) modulation protein	95	1.00	0.82	0.27	0.05	0.04	0.03	0.02	0.02	0.01	0.01	0.01	0.00	0.00	0.00	0.00	0.00	0.00	0.01	0.35	0.38	0.60
A0A0H3P1B9	SL1344_P3_0011	mobC	Mobilization protein c	94	0.44	0.77	0.86	0.48	0.91	0.88	1.00	0.63	0.30	0.09	0.02	0.00	0.00	0.00	0.00	0.00	0.00	0.00	0.00	0.00	0.00
A0A0H3NWT7	SL1344_P2_0004	yacB	Putative plasmid stabilisation protein	93	0.79	1.00	0.74	0.49	0.28	0.10	0.00	0.04	0.00	0.00	0.00	0.00	0.00	0.00	0.00	0.00	0.00	0.00	0.00	0.00	0.00
A0A0H3NFW8	SL1344_3086	yggX	Probable Fe(2+)-trafficking protein	91	0.90	1.00	0.27	0.05	0.02	0.01	0.00	0.00	0.00	0.00	0.00	0.00	0.00	0.00	0.00	0.00	0.00	0.00	0.00	0.00	0.00
A0A0H3NIY5	SL1344_3618	SL1344_3618	Uncharacterized protein	95	0.54	1.00	0.79	0.00	0.00	0.00	0.00	0.00	0.00	0.00	0.00	0.00	0.00	0.00	0.00	0.00	0.00	0.00	0.00	0.00	0.00
A0A0H3NVQ0	SL1344_4253	SL1344_4253	Uncharacterized protein	97	1.00	0.69	0.26	0.02	0.01	0.00	0.00	0.00	0.00	0.00	0.00	0.00	0.00	0.00	0.00	0.00	0.00	0.00	0.00	0.00	0.00
A0A0H3NHJ4	SL1344_3739	SL1344_3739	Hypothetical secreted protein	97	1.00	0.75	0.16	0.00	0.00	0.00	0.00	0.00	0.00	0.00	0.00	0.00	0.00	0.00	0.00	0.00	0.00	0.00	0.00	0.00	0.00
A0A0H3NGE8	SL1344_3280	yrbA	Uncharacterized protein	97	1.00	0.83	0.63	0.15	0.02	0.01	0.00	0.00	0.00	0.00	0.00	0.00	0.00	0.00	0.00	0.00	0.00	0.00	0.00	0.00	0.00
A0A0H3NIM6	SL1344_4250	rtsB	Regulator of flhDC	95	0.11	0.21	0.24	0.71	1.00	0.71	0.43	0.11	0.03	0.05	0.03	0.02	0.00	0.00	0.00	0.00	0.00	0.00	0.00	0.00	0.00
A0A0H3NHK8	SL1344_3761	ilvN	Acetohydroxy acid synthase I, small subunit	96	0.76	0.00	1.00	0.00	0.21	0.00	0.00	0.00	0.00	0.00	0.00	0.00	0.00	0.00	0.00	0.00	0.00	0.00	0.13	0.00	0.00
A0A0H3NSS7	SL1344_3394	rpsN	30S ribosomal protein S14	96	0.00	0.00	0.00	0.00	0.00	0.00	0.00	0.00	0.01	0.04	0.05	0.05	0.01	0.02	0.01	0.01	0.02	0.22	0.88	0.47	1.00
A0A0H3NBE7	SL1344_1479	SL1344_1479	Plasmid stability protein	94	0.27	1.00	0.55	0.00	0.00	0.00	0.00	0.00	0.00	0.00	0.00	0.00	0.00	0.00	0.00	0.00	0.00	0.00	0.00	0.00	0.00
A0A0H3NGL5	SL1344_3358	fis	DNA-binding protein Fis	98	0.00	0.00	0.02	0.27	0.90	1.00	0.92	0.54	0.37	0.29	0.24	0.20	0.07	0.09	0.04	0.04	0.01	0.00	0.00	0.00	0.00
A0A0H3NBN5	SL1344_0956	SL1344_0956	Predicted bacteriophage protein	96	1.00	0.81	0.22	0.04	0.02	0.00	0.00	0.00	0.00	0.00	0.00	0.00	0.00	0.00	0.00	0.00	0.00	0.00	0.00	0.00	0.00
A0A0H3NV05	SL1344_4028	yneC	(4S)-4-hydroxy-5-phosphonooxypentane-2,3-dione isomerase (EC 5.3.1.32) (Autoinducer 2-degrading protein LsrG) (AI-2-degrading protein LsrG) (Phospho-(S)-4,5-dihydroxy-2,3-pentanedione isomerase) (Phospho-AI-2 isomerase)	97	0.87	1.00	0.17	0.05	0.01	0.00	0.00	0.00	0.00	0.00	0.00	0.00	0.00	0.00	0.00	0.00	0.00	0.00	0.00	0.00	0.00
A0A0H3NS22	SL1344_3169	yqiC	Uncharacterized protein	99	0.87	0.84	0.31	0.16	0.10	0.17	0.72	1.00	0.72	0.52	0.19	0.03	0.05	0.02	0.01	0.01	0.01	0.00	0.00	0.00	0.03